experiment_id,population_size,mutation_rate,max_iterations,max_solutions,fitness,accuracy,precision,recall,f1_score,features_selected,total_features,feature_reduction_percent,baseline_accuracy,accuracy_improvement,feature_efficiency,runtime_ms,selected_features
1,50,0.03,150,1500,0.7362637362637363,0.7362637362637363,0.5352953498114789,0.44734613212874075,0.46974506974506974,133,278,52.16,0.6483516483516484,0.0879,0.005536,282961,"0;1;2;3;6;8;10;11;14;17;18;19;22;24;28;29;31;32;33;36;37;39;44;48;50;56;60;63;65;67;68;70;71;72;74;75;77;78;80;82;84;86;87;91;93;94;95;96;99;100;102;103;105;106;110;111;112;113;114;115;116;117;119;122;123;124;126;128;133;134;138;140;142;144;149;151;154;156;157;158;160;163;164;167;168;170;171;172;173;180;183;184;191;193;194;195;196;197;200;203;204;206;211;213;214;215;217;221;222;223;229;232;236;239;240;241;242;243;244;245;250;251;253;256;264;269;271;272;273;274;275;276;277"
2,50,0.05,150,1500,0.6703296703296703,0.6703296703296703,0.48478084415584416,0.3752399774138904,0.39365735274826186,99,278,64.39,0.6483516483516484,0.0220,0.006771,316539,"0;3;8;14;16;18;21;25;26;27;38;39;40;44;46;47;48;49;53;54;56;57;58;60;64;70;75;80;83;89;92;94;95;96;100;101;103;105;106;111;112;115;117;120;121;125;128;132;135;137;144;145;148;152;156;159;160;163;166;168;170;174;176;180;183;184;185;191;192;196;197;204;205;206;210;211;212;213;217;223;224;225;226;230;235;236;237;244;245;246;247;257;259;264;267;269;274;276;277"
3,50,0.07,150,1500,0.7252747252747253,0.7252747252747253,0.5056998556998556,0.43435911914172787,0.45812491650690157,97,278,65.11,0.6483516483516484,0.0769,0.007477,316264,"2;3;4;6;7;9;10;12;14;17;18;19;20;23;27;28;33;34;36;37;38;39;47;51;57;60;61;63;64;68;71;72;73;75;77;78;80;87;100;102;112;114;116;117;118;121;123;125;127;128;129;131;132;134;147;153;157;163;164;169;170;173;175;180;183;184;185;188;195;196;199;200;202;204;217;220;222;223;227;233;234;237;240;244;248;253;258;263;265;266;267;268;270;274;275;276;277"
4,75,0.03,150,1500,0.7472527472527473,0.7472527472527473,0.5225108225108225,0.46122717861848295,0.4777749912028477,106,278,61.87,0.6483516483516484,0.0989,0.007050,311710,"1;2;4;7;13;14;16;17;25;27;28;34;35;36;42;43;49;50;53;55;58;60;61;65;72;75;80;81;83;88;92;96;99;103;104;107;108;111;113;117;122;124;125;126;127;134;135;139;141;142;149;150;152;159;161;162;163;164;166;169;170;172;175;177;179;180;182;184;189;195;196;197;201;204;206;210;211;212;214;215;217;219;221;223;226;236;237;238;239;240;241;243;244;245;254;257;258;260;261;262;265;267;272;275;276;277"
5,75,0.05,150,1500,0.7142857142857143,0.7142857142857143,0.5035419126328217,0.40062111801242234,0.4281090121999212,115,278,58.63,0.6483516483516484,0.0659,0.006211,299274,"3;5;6;8;14;16;18;19;20;21;22;23;24;28;31;35;42;44;49;51;53;54;56;59;61;62;63;64;66;68;70;72;75;76;78;83;84;85;86;87;88;91;93;94;95;98;102;103;104;105;106;112;114;116;117;119;121;124;125;128;131;132;135;136;138;141;142;145;146;148;149;151;153;154;160;161;162;165;166;170;174;177;182;184;187;189;191;192;202;203;206;207;208;209;210;211;215;222;223;224;229;230;231;232;234;241;244;246;249;256;258;261;262;274;277"
6,75,0.07,150,1500,0.7142857142857143,0.7142857142857143,0.5337856173677069,0.4103613777526821,0.4472972455273341,121,278,56.47,0.6483516483516484,0.0659,0.005903,313263,"2;6;7;9;10;11;14;16;17;23;24;27;32;33;34;35;36;38;39;40;41;42;45;46;49;50;52;54;55;56;57;58;59;60;61;63;66;69;71;75;76;78;79;80;82;83;84;91;97;98;99;103;104;105;108;113;116;117;118;120;123;125;131;133;138;146;147;148;153;155;157;158;160;162;168;169;170;174;176;183;187;188;189;191;196;197;199;200;202;203;210;211;213;215;218;221;223;224;225;226;232;233;236;238;241;244;246;247;249;255;256;258;262;264;265;267;268;272;273;276;277"
7,100,0.03,150,1500,0.7142857142857143,0.7142857142857143,0.5041847041847042,0.41379634857895725,0.4384778968598818,118,278,57.55,0.6483516483516484,0.0659,0.006053,302993,"0;3;5;6;9;10;11;13;14;17;18;20;21;23;27;34;35;36;38;40;41;43;44;45;46;47;51;53;54;55;56;57;58;60;61;69;71;73;75;76;77;81;83;88;90;91;100;102;105;106;107;113;115;116;118;119;121;124;126;128;132;135;136;139;140;142;143;145;146;148;150;151;153;154;155;157;162;167;169;170;172;173;174;175;177;184;186;187;188;196;201;202;203;204;206;210;211;212;213;218;219;222;226;228;229;233;237;239;240;241;249;251;253;257;262;264;267;271"
8,100,0.05,150,1500,0.6923076923076923,0.6923076923076923,0.4818810222036029,0.4064088085827216,0.42823472823472825,112,278,59.71,0.6483516483516484,0.0440,0.006181,301983,"3;5;7;9;12;14;16;19;20;22;24;26;27;30;32;34;35;36;38;42;44;47;51;53;57;58;60;62;65;67;68;74;75;76;78;79;80;82;85;88;91;94;98;100;102;105;107;109;110;111;115;120;125;127;130;131;133;136;141;145;147;148;151;152;154;157;158;161;163;164;167;170;171;178;180;181;183;184;186;189;190;191;194;195;196;197;199;200;205;208;209;210;211;213;216;223;227;230;235;239;240;241;243;245;246;247;252;260;273;274;276;277"
9,100,0.07,150,1500,0.6813186813186813,0.6813186813186813,0.4031746031746032,0.35015998494259365,0.3625260709080559,104,278,62.59,0.6483516483516484,0.0330,0.006551,310913,"0;1;3;7;12;13;14;15;16;18;21;26;27;32;43;45;47;53;56;59;60;61;63;64;67;70;72;73;75;76;77;80;81;86;91;93;94;97;100;102;106;109;110;124;126;127;130;131;133;135;136;137;141;143;146;147;148;149;151;153;156;158;159;161;166;169;170;171;172;178;179;181;183;184;186;188;193;196;206;210;217;223;224;225;231;232;234;235;237;238;239;240;245;246;247;254;258;261;263;265;270;271;276;277"
