experiment_id,population_size,mutation_rate,max_iterations,max_solutions,fitness,accuracy,precision,recall,f1_score,features_selected,total_features,feature_reduction_percent,baseline_accuracy,accuracy_improvement,feature_efficiency,runtime_ms,selected_features
1,50,0.03,150,1500,0.6813186813186813,0.6813186813186813,0.49242424242424243,0.36293054771315636,0.3917082917082917,175,278,37.05,0.6263736263736264,0.0549,0.003893,207630,"1;2;5;6;9;12;14;15;17;20;22;23;25;27;29;30;31;32;33;34;36;37;38;39;41;43;44;45;46;47;49;50;51;54;56;57;59;60;63;64;66;67;70;72;73;74;75;77;78;80;81;82;83;84;85;88;89;90;91;92;93;94;95;97;99;101;102;103;104;106;107;110;111;112;114;115;116;117;119;120;121;122;123;124;125;126;128;129;131;132;133;134;135;136;137;138;141;142;144;146;148;149;151;152;154;155;158;159;160;162;163;164;165;166;167;170;171;172;177;179;181;185;186;187;188;189;191;192;195;196;201;202;203;205;208;210;211;212;213;216;222;223;227;229;230;233;234;235;236;240;242;243;246;247;248;251;252;253;255;256;257;258;263;264;265;266;267;268;269;271;273;274;275;276;277"
2,50,0.05,150,1500,0.7142857142857143,0.7142857142857143,0.5082972582972582,0.4161773009599096,0.44511166713001576,137,278,50.72,0.6263736263736264,0.0879,0.005214,198754,"0;2;3;4;7;9;12;13;14;16;19;20;21;23;24;27;29;31;32;33;37;39;41;42;43;44;45;47;48;49;50;51;61;64;66;69;73;75;77;78;79;80;81;86;87;88;90;91;92;93;101;102;105;106;107;108;111;114;115;117;118;119;120;122;123;124;125;126;127;128;129;133;136;138;139;144;149;150;153;154;155;157;158;159;160;162;165;167;168;170;175;177;179;181;182;183;186;190;194;195;196;198;200;201;203;205;206;209;211;212;213;221;223;224;228;231;233;235;237;238;241;243;244;246;251;252;253;254;256;257;258;260;264;267;269;272;273"
3,50,0.07,150,1500,0.6813186813186813,0.6813186813186813,0.47062937062937066,0.37808206286467155,0.394943644943645,171,278,38.49,0.6263736263736264,0.0549,0.003984,198984,"0;1;3;4;6;7;8;11;13;14;18;20;22;23;24;25;26;27;28;30;31;36;37;39;40;41;44;45;46;47;50;51;52;54;55;58;59;60;61;62;63;66;67;68;71;73;74;75;76;77;78;79;81;83;84;85;86;87;90;92;94;95;96;99;101;103;104;105;106;110;111;114;115;116;118;119;120;121;123;124;125;126;127;131;132;133;135;136;139;142;143;144;147;149;152;153;154;156;159;160;163;166;167;170;171;174;175;177;179;182;183;185;188;189;192;193;194;195;197;198;199;201;202;205;207;209;210;211;212;213;214;215;217;218;219;220;223;224;226;227;228;229;230;231;232;235;236;238;240;244;245;246;249;250;252;254;255;256;257;258;260;261;262;263;265;268;271;274;275;276;277"
4,75,0.03,150,1500,0.6923076923076923,0.6923076923076923,0.4987678987678988,0.39323357801618675,0.4079306579306579,169,278,39.21,0.6263736263736264,0.0659,0.004096,200588,"1;2;6;7;12;13;14;15;16;17;18;19;20;21;23;24;25;27;28;29;30;33;35;36;38;39;40;41;45;46;47;48;51;54;55;57;59;60;61;62;64;65;66;67;68;69;70;72;73;74;75;76;77;78;79;80;84;85;86;87;90;91;93;97;99;100;102;103;104;106;108;109;110;112;113;114;116;117;122;126;129;130;133;134;135;139;140;142;144;145;146;148;151;152;155;156;158;159;161;164;165;167;170;171;174;175;176;177;178;181;182;184;186;187;188;190;193;194;195;196;197;199;201;203;204;205;206;209;210;211;212;214;216;218;219;221;222;223;224;226;228;229;232;234;236;237;240;241;244;245;246;247;250;253;254;255;256;257;259;260;261;262;264;265;266;267;274;276;277"
5,75,0.05,150,1500,0.6813186813186813,0.6813186813186813,0.496524064171123,0.354300771692076,0.3967120598699546,166,278,40.29,0.6263736263736264,0.0549,0.004104,199637,"0;1;6;7;9;10;11;13;14;15;17;18;20;21;22;23;25;26;27;28;29;31;32;34;37;38;39;42;43;44;45;46;49;50;52;53;57;60;62;64;65;66;70;73;74;75;76;79;80;81;83;84;86;87;88;92;93;94;98;100;101;102;104;110;111;114;116;117;119;122;123;124;125;126;127;128;132;133;134;136;137;140;144;146;148;149;150;151;153;154;155;158;159;160;161;162;163;166;168;170;171;174;182;183;184;185;187;188;189;191;193;194;196;197;198;199;201;202;204;206;207;209;210;211;212;214;217;219;220;221;222;223;224;228;229;230;232;233;235;236;237;239;240;242;246;247;249;250;251;253;255;256;257;258;259;260;261;262;263;264;266;268;269;274;275;276"
6,75,0.07,150,1500,0.6923076923076923,0.6923076923076923,0.5194805194805195,0.3856578204404291,0.4168609168609168,171,278,38.49,0.6263736263736264,0.0659,0.004049,196916,"0;2;3;6;8;10;13;14;15;16;17;19;20;21;22;24;25;26;27;28;31;32;33;34;35;37;39;40;42;43;44;46;48;50;51;52;53;55;58;60;61;62;63;64;65;68;70;71;73;74;75;77;79;80;83;84;87;88;90;91;92;93;96;98;100;102;104;105;106;108;110;111;112;113;114;115;116;117;118;120;121;124;128;129;130;131;132;133;134;137;138;139;140;142;143;146;148;149;150;151;152;154;155;156;158;162;165;167;168;171;175;177;180;183;185;186;192;194;195;196;198;199;200;202;204;205;206;208;209;210;211;213;215;216;217;219;220;224;225;227;228;229;230;232;233;235;236;239;240;241;242;244;245;247;248;250;252;253;255;256;261;262;263;267;268;269;270;271;275;276;277"
7,100,0.03,150,1500,0.6813186813186813,0.6813186813186813,0.48739495798319327,0.3802465650291737,0.402931571352624,125,278,55.04,0.6263736263736264,0.0549,0.005451,197108,"1;2;3;5;6;7;12;14;15;19;21;25;26;27;31;32;34;37;39;41;43;44;45;46;48;49;58;61;62;65;68;71;74;75;77;79;80;81;82;87;90;92;93;96;98;99;100;102;103;104;105;108;109;113;115;117;119;124;127;128;130;131;136;137;138;140;142;144;145;148;149;150;151;152;156;169;170;171;172;179;181;184;187;188;191;196;203;204;210;213;215;216;219;220;221;222;223;225;226;229;231;232;234;236;237;239;240;244;245;247;251;252;253;254;255;256;257;259;261;262;263;270;274;275;277"
8,100,0.05,150,1500,0.6703296703296703,0.6703296703296703,0.538961038961039,0.33373800112930546,0.37276956759715374,128,278,53.96,0.6263736263736264,0.0440,0.005237,199718,"1;3;7;9;10;12;13;14;16;17;22;25;27;29;32;34;37;40;41;42;44;45;47;49;50;53;54;56;57;61;62;65;66;69;72;74;75;77;78;79;83;84;91;93;95;97;99;102;106;109;111;112;114;115;116;117;121;122;124;125;129;130;133;140;141;142;144;146;147;150;151;152;153;154;156;158;160;167;168;169;170;171;174;185;186;191;192;195;198;199;200;203;209;211;213;214;217;220;221;222;223;225;226;228;232;233;234;235;236;237;238;239;240;243;246;247;252;253;257;260;262;263;266;267;273;274;276;277"
9,100,0.07,150,1500,0.7142857142857143,0.7142857142857143,0.49713203463203465,0.4289478637304725,0.44473304473304476,170,278,38.85,0.6263736263736264,0.0879,0.004202,196195,"0;2;3;6;7;13;14;16;17;19;20;22;23;24;25;27;28;29;34;35;36;37;38;39;40;41;46;47;48;49;50;51;52;56;57;59;61;62;63;64;65;66;67;68;69;70;73;75;76;78;80;81;82;83;84;85;86;88;90;91;92;93;94;95;100;101;102;104;105;106;107;109;110;111;112;113;114;115;116;117;118;119;121;127;128;129;131;134;135;136;139;141;142;144;145;146;147;148;149;150;151;153;154;155;156;157;158;159;160;161;162;163;164;167;169;170;177;179;180;181;188;192;193;196;197;198;200;202;206;207;209;210;213;214;215;216;217;218;223;226;228;229;230;231;233;237;240;242;244;245;247;248;249;251;252;254;255;257;258;261;262;264;267;269;270;271;272;273;275;276"
